Title,Rating,Votes,Duration,Genre
1. Mufasa: The Lion King,6.6, (66K),1h 58m,Animation
2. The Wild Robot,8.2, (166K),1h 42m,Animation
3. Flow,7.9, (77K),1h 25m,Animation
4. Moana 2,6.6, (104K),1h 40m,Animation
5. Paddington in Peru,6.7, (22K),1h 46m,Animation
6. Transformers One,7.6, (51K),1h 44m,Animation
7. Inside Out 2,7.5, (218K),1h 36m,Animation
8. Despicable Me 4,6.2, (66K),1h 34m,Animation
9. The Day the Earth Blew Up: A Looney Tunes Movie,7.0, (4.6K),1h 31m,Animation
10. IF,6.4, (58K),1h 44m,Animation
11. The Lord of the Rings: The War of the Rohirrim,6.3, (31K),2h 14m,Animation
12. Kung Fu Panda 4,6.3, (69K),1h 34m,Animation
13. Memoir of a Snail,7.8, (18K),1h 35m,Animation
14. Solo Leveling: ReAwakening,8.8, (13K),2h 1m,Animation
15. The Garfield Movie,5.7, (24K),1h 41m,Animation
16. Attack on Titan the Movie: The Last Attack,9.2, (16K),2h 25m,Animation
17. Harold and the Purple Crayon,5.7, (8.5K),1h 30m,Animation
18. Wallace & Gromit: Vengeance Most Fowl,7.5, (35K),1h 22m,Animation
19. Spellbound,5.5, (7.5K),1h 49m,Animation
20. Watchmen: Chapter I,7.1, (6.7K),1h 23m,Animation
21. Look Back,7.8, (15K),58m,Animation
22. Night of the Zoopocalypse,6.0, (739),1h 31m,Animation
23. My Hero Academia: You're Next,7.0, (2.3K),1h 50m,Animation
24. Spermageddon,5.7, (848),1h 20m,Animation
25. Piece by Piece,6.9, (5.5K),1h 33m,Animation
26. Hitpig,5.1, (982),1h 26m,Animation
27. The Remarkable Life of Ibelin,8.2, (12K),1h 43m,Animation
28. Orion and the Dark,6.3, (17K),1h 33m,Animation
29. Limonov: The Ballad of Eddie,5.9, (886),2h 18m,Animation
30. Watchmen: Chapter II,7.0, (3.2K),1h 30m,Animation
31. Mars,7.9, (23),1h 24m,Animation
32. Megamind vs. The Doom Syndicate,2.5, (5.6K),1h 23m,Animation
33. The Most Precious of Cargoes,7.1, (1.1K),1h 21m,Animation
34. Woody Woodpecker Goes to Camp,4.5, (2.6K),1h 40m,Animation
35. Thelma the Unicorn,5.7, (3K),1h 33m,Animation
36. Justice League: Crisis on Infinite Earths - Part One,6.2, (8.5K),1h 33m,Animation
37. Doraemon the Movie: Nobita's Earth Symphony,6.6, (1.5K),1h 55m,Animation
38. Overlord: The Sacred Kingdom,6.9, (1.2K),2h 15m,Animation
39. That Christmas,6.8, (17K),1h 31m,Animation
40. Grand Theft Hamlet,6.9, (2K),1h 29m,Animation
41. Justice League: Crisis on Infinite Earths - Part Three,6.1, (4.6K),1h 34m,Animation
42. Demon Slayer: Kimetsu No Yaiba - To the Hashira Training,7.1, (8.6K),1h 44m,Animation
43. Buffalo Kids,6.6, (712),1h 33m,Animation
44. Crayon Shin-chan: Ora's Dinosaur Diary,6.4, (375),1h 46m,Animation
45. Ultraman: Rising,6.9, (6.4K),1h 57m,Animation
46. Dan Da Dan: First Encounter,8.2, (2.8K),1h 23m,Animation
47. The Tiger's Apprentice,5.7, (2.2K),1h 24m,Animation
48. Dragonkeeper,5.7, (1.7K),1h 38m,Animation
49. Haikyu!! The Dumpster Battle,7.7, (6.3K),1h 25m,Animation
50. Saving Bikini Bottom: The Sandy Cheeks Movie,3.7, (3.9K),1h 22m,Animation
51. Justice League: Crisis on Infinite Earths - Part Two,5.5, (5.4K),1h 34m,Animation
52. The Colors Within,7.1, (1K),1h 41m,Animation
53. 10 Lives,5.9, (1.9K),1h 28m,Animation
54. 200% Wolf,5.9, (1.3K),1h 38m,Animation
55. Johnny Puff: Secret Mission,4.8, (455),1h 27m,Animation
56. Frida,7.5, (1.5K),1h 27m,Animation
57. Blue Lock: Episode Nagi,6.6, (2.5K),1h 31m,Animation
58. Super-Charlie,5.8, (135),1h 20m,Animation
59. Dalia y el Libro Rojo,6.5, (100),1h 47m,Animation
60. From Ground Zero,7.9, (543),1h 52m,Animation
61. Boys Go to Jupiter,7.0, (101),1h 30m,Animation
62. Mononoke the Movie: The Phantom in the Rain,6.8, (1.3K),1h 29m,Animation
63. Given 3: To the Sea,8.8, (81),1h 20m,Animation
64. The Glassworker,7.3, (1.8K),1h 38m,Animation
65. My Oni Girl,6.0, (1.8K),1h 52m,Animation
66. The Night Before Christmas in Wonderland,6.3, (521),1h 20m,Animation
67. Lesbian Space Princess,7.2, (143),1h 27m,Animation
68. Detective Conan: The Million-Dollar Pentagram,6.7, (1.5K),1h 51m,Animation
69. Terra Incognita 1901,7.0, (35),1h 18m,Animation
70. The Quintessential Quintuplets Specials 2,7.1, (138),46m,Animation
71. Ryan's World the Movie: Titan Universe Adventure,1.8, (698),1h 20m,Animation
72. Rebellious,6.0, (200),1h 34m,Animation
73. Big City Greens the Movie: Spacecation,6.2, (547),1h 23m,Animation
74. Mobile Suit Gundam SEED Freedom,6.6, (959),2h 4m,Animation
75. Noah's Ark,4.3, (671),1h 36m,Animation
76. TWST: Things We Said Today,7.0, (54),1h 26m,Animation
77. Re: Zero - Starting Life in Another World- Season 3 Episode 1 90-minute Special 'Theatrical Malice',8.7, (1.2K),1h 30m,Animation
78. A Sloth Story,5.6, (210),1h 30m,Animation
79. Kizumonogatari: Koyomi Vamp,7.1, (96),2h 24m,Animation
80. Diplodocus,6.3, (183),1h 30m,Animation
81. Panda Bear in Africa,5.5, (352),1h 24m,Animation
82. Fox & Hare Save the Forest,5.9, (204),1h 11m,Animation
83. Bloody Escape: Bats out of Hell,5.4, (55),1h 40m,Animation
84. No Time to Spy: A Loud House Movie,6.4, (459),1h 21m,Animation
85. Savages,6.8, (348),1h 27m,Animation
86. Dongeng Sang Kancil,6.8, (185),1h 39m,Animation
87. The Summer of Mermaid,8.5, (106),,Animation
88. Little Emma,6.0, (116),1h 46m,Animation
89. The Proud Princess,6.5, (120),1h 24m,Animation
90. White Snake: Afloat,6.9, (488),2h 13m,Animation
91. Baki Hanma VS Kengan Ashura,5.7, (1.9K),1h 2m,Animation
92. Exorcism Chronicles: The Beginning,6.5, (110),1h 25m,Animation
93. The Big Trip 3: Race Around the World,5.6, (63),1h 25m,Animation
94. Kid Santa,,,,Animation
95. My Freaky Family,6.3, (411),1h 26m,Animation
96. Kvitebjørn,6.0, (67),1h 25m,Animation
97. Cille 2069,7.1, (94),,Animation
98. Sanatorium Under the Sign of the Hourglass,5.4, (123),1h 15m,Animation
"99. Die Heinzels: Neue Mützen, Neue Mission",6.4, (94),1h 16m,Animation
100. Into the Mortal World,6.8, (157),1h 58m,Animation
101. Movie Given Hiiragi Mix.,7.6, (189),1h 10m,Animation
102. Ghost Cat Anzu,6.5, (789),1h 37m,Animation
103. Gracie and Pedro: Pets to the Rescue,5.1, (278),1h 27m,Animation
104. Angelo dans la forêt mystérieuse,6.0, (128),1h 21m,Animation
105. Where the Robots Grow,2.7, (519),,Animation
106. Out of the Nest,6.4, (114),1h 24m,Animation
107. Sabbath Queen,8.0, (66),1h 45m,Animation
108. Si Juki the Movie: Harta Pulau Monyet,6.0, (124),1h 47m,Animation
109. Living Large,7.0, (133),1h 20m,Animation
"110. Maya, donne-moi un titre",6.4, (55),1h 1m,Animation
111. The Casagrandes Movie,5.6, (674),1h 29m,Animation
112. STEVE (A Minecraft Movie),6.9, (12),1h 1m,Animation
113. I Am What I Am 2,7.5, (208),2h 14m,Animation
114. Storm Crashers,6.2, (568),1h 28m,Animation
115. The Lost Tiger,7.9, (46),1h 30m,Animation
116. Ivan Tsarevich i Seryy Volk 6,5.6, (90),,Animation
117. (S)KiDS,8.7, (107),1h 25m,Animation
118. Luntik. Vozvrashchenie domoy,6.4, (78),TV-Y,Animation
119. Shrek 5: The Contract - A Fan Made Film,7.0, (19),1h 24m,Animation
120. Elli and the Ghostly Ghost Train,5.1, (104),1h 26m,Animation
121. Niko: Beyond the Northern Lights,6.2, (339),1h 26m,Animation
122. Trapezium,6.3, (158),1h 42m,Animation
123. Heartsping : Teenieping of Love,7.0, (25),TV-Y,Animation
124. Fureru,6.2, (36),1h 47m,Animation
125. Zak & Wowo: The Legend of Lendarys,5.7, (102),1h 25m,Animation
126. SuperKlaus,4.3, (204),1h 28m,Animation
127. Isla Monstro,8.6, (8),,Animation
128. Peppa's Cinema Party,4.9, (155),1h 5m,Animation
129. Mochi-chon,8.2, (10),,Animation
130. Bocchi the Rock! Re: Re:,7.9, (109),1h 17m,Animation
131. Mariposas Negras,7.1, (61),1h 23m,Animation
132. My Redneck Neighbor: Chapter 2 - Let the Games Begin,,,55m,Animation
133. Dragon Ball Z Kai,8.5, (73),1h 22m,Animation
134. Dead Dead Demon's Dededede Destruction,7.0, (144),2h,Animation
135. Transformers Prime: Galavatron's Revenge,3.5, (11),1h 44m,Animation
136. Quo Vadis,6.5, (510),1h 30m,Animation
137. Tay 2: Ebabil Takimi,5.2, (41),1h 18m,Animation
138. Dikkie Dik 2: Een Nieuwe Vriend voor Dikkie Dik,7.4, (72),1h 10m,Animation
139. Olivia & the Clouds,7.2, (54),1h 21m,Animation
140. Schirkoa: In Lies We Trust,5.6, (158),1h 43m,Animation
141. Taisu Xilie,,,1h 40m,Animation
142. Bartali's Bicycle,7.7, (7),1h 20m,Animation
143. Nintama Rantaro Dokutake Ninja-tai Saikyou no Gunshi,7.1, (22),1h 30m,Animation
144. Hola Frida,7.2, (32),1h 22m,Animation
145. Code Geass: Rozé of the Recapture: Part 2,7.8, (28),1h 16m,Animation
146. Fuuto PI: Portrait of Kamen Rider Skull,7.4, (46),1h 22m,Animation
147. Bocchi the Rock! Recap Part 1,7.5, (179),1h 30m,Animation
148. Masha i Medved v kino: Park chudes,7.7, (18),58m,Animation
149. Monkey King: The Beginning,,,,Animation
150. A Few Moments of Cheers,7.1, (42),1h 8m,Animation
151. Captain Avispa,5.8, (179),1h 36m,Animation
152. Jon Vardar protiv Galaksijata,8.1, (75),1h 26m,Animation
153. Dikkie Dik en de Verdwenen Knuffel,7.3, (130),1h 2m,Animation
154. The Worlds Divide,8.1, (39),2h,Animation
155. Boonie Bears: Time Twist,6.0, (170),1h 45m,Animation
156. PAPmusic - Animation for Fashion,1.0, (143),1h 25m,Animation
157. Norbert,6.4, (13),1h 15m,Animation
158. Steal the Naughty List,6.3, (124),1h 30m,Animation
159. Inanimate Insanity II: The Movie,8.5, (235),1h 46m,Animation
160. God with Three Eyes,6.1, (14),1h 52m,Animation
161. Yumi's Cells: The Movie,6.2, (51),1h 33m,Animation
162. Uma Musume: Pretty Derby - Beginning of a New Era,7.3, (128),1h 48m,Animation
163. Il segreto di Liberato,7.3, (222),1h 30m,Animation
164. Benjamin Bat,7.8, (32),1h 15m,Animation
"165. Robotia, the Movie",7.8, (29),1h 26m,Animation
166. Return,,,1h 30m,Animation
167. The Storm,6.0, (142),1h 42m,Animation
168. Appu,8.6, (182),1h 32m,Animation
169. Maxxie LaWow: Drag Super-shero,8.8, (60),1h 54m,Animation
170. Kral Sakir: Devler Uyandi,5.4, (68),,Animation
171. Tri kota. Zimnie kanikuly,6.6, (34),1h 5m,Animation
172. Dinosaur Empire,,,,Animation
"173. Silex and the City, le film",5.0, (52),1h 17m,Animation
174. Rock Bottom,6.9, (43),1h 26m,Animation
175. Abá e Sua Banda,7.0, (13),1h 24m,Animation
176. Tobias and the Arcane Merchant,8.8, (44),2h 47m,Animation
177. The Puffins & the Magic Portal,7.7, (32),,Animation
178. Double Tuckerr,4.9, (1.2K),2h,Animation
179. Tri bogatyrya. Ni dnya bez podviga,5.7, (70),1h 1m,Animation
180. Slocum et moi,7.3, (73),1h 15m,Animation
181. Meitantei Conan Bâsasu Kaitô Kiddo,6.1, (164),1h 21m,Animation
182. Rocky and Bullwinkle,9.2, (13),1h 40m,Animation
183. Mustafa,6.9, (76),1h 15m,Animation
184. Transformers: 40th Anniversary Event,7.3, (29),1h 36m,Animation
185. Le parfum d'Irak,8.1, (42),1h 35m,Animation
186. The Umbrella Fairy,5.5, (57),1h 35m,Animation
187. Nie Xiaoqian,6.2, (17),1h 52m,Animation
188. Peppa Pig: Peppa's Adventures Around the World,8.0, (7),,Animation
189. Inazuma Eleven Movie: The Legendary Kickoff,,,,Animation
190. Askepote,3.5, (83),1h 12m,Animation
191. Rafadan Tayfa: Kapadokya,6.6, (123),1h 24m,Animation
192. Ya Boy Kongming! Road to Summer Sonia,7.4, (40),1h 59m,Animation
193. The Greatest Surf Movie in the Universe,5.4, (8),1h 21m,Animation
194. Hello My Beautiful Creatures,6.8, (171),2h 22m,Animation
195. Bob a Bobek ve filmu: Na stope Mrkvojeda,7.4, (30),1h 20m,Animation
196. Pui Pui Molcar the Movie: Molmax,7.0, (9),1h 9m,Animation
197. Teacher's Pet,5.5, (36),,Animation
198. Apocalypse Love,,,,Animation
199. Kuramerukagari,5.8, (82),1h 1m,Animation
200. The Formula for Water,4.5, (32),1h 26m,Animation
201. COPS VS WHORES,,,57m,Animation
202. Wonderful Precure! The Movie! Doki Doki Game no Sekai de Daiboken,7.0, (36),1h 11m,Animation
203. Nothing Unusual,8.9, (13),1h 32m,Animation
204. DreadClub: Vampire's Verdict,5.1, (59),,Animation
205. Rocket Club: Across the Cosmos,8.4, (19),1h 8m,Animation
206. Dead Dead Demon's Dededede Destruction Zenpen,7.1, (140),2h,Animation
207. Life with Quincy 3,,,1h 13m,Animation
208. Piril: Sayilarin Gizemi,9.0, (67),,Animation
209. Nature Cat's Nature Movie Special Extraordinaire,7.3, (19),53m,Animation
210. Riki Rhino: The Bird Kingdom,5.1, (25),1h 49m,Animation
211. Ganbatte Ikimasshoi,5.0, (12),,Animation
212. Mobile Suit Gundam: Silver Phantom,6.1, (13),1h 30m,Animation
213. Code Geass: Rozé of the Recapture - Part 1,7.6, (42),1h 14m,Animation
214. Dance with the Finless Promise,6.6, (19),,Animation
215. Motu Patlu & The Race to the Diamond Valley,7.8, (27),1h 12m,Animation
216. Spider-Man: Blue,5.9, (12),,Animation
217. Animal Adventures: Save the Forest,7.7, (34),1h 25m,Animation
218. Day of the Diesels,7.7, (10),1h 40m,Animation
219. Animal Tales of Christmas Magic,6.8, (51),1h 12m,Animation
220. Sunburnt Unicorn,7.7, (13),1h 21m,Animation
221. Max Beyond,6.6, (17),1h 33m,Animation
222. The Guardians: The Chosen Ones,,,,Animation
223. La Familia del Barrio: La Película,4.4, (7),,Animation
224. Balentes,,,1h 10m,Animation
225. Motu Patlu & The Rise of Zombies,6.6, (15),1h 14m,Animation
226. Uma & Haggen: Mitos,7.3, (47),1h 34m,Animation
227. Love Live! Nijigasaki High School Idol Club Final Chapter Part 1,7.3, (13),59m,Animation
228. Lilla spöket Laban spökar igen,6.1, (28),44m,Animation
229. Luv You Shankar,5.8, (44),2h,Animation
230. Pleasant Goat and Big Big Wolf: The World Guardians,7.4, (14),1h 36m,Animation
231. Ugly Sweater,7.1, (13),1h 20m,Animation
232. Adventures of Mickey Sherlock Mouse & Winnie the Pooh,4.9, (11),,Animation
233. LUDA,7.2, (6),1h 26m,Animation
234. Kittened,,,,Animation
235. Woolina and the No Birds,8.3, (49),1h 20m,Animation
236. Bread Barbershop: Celeb in Bakery Town,,,1h 17m,Animation
237. The Delegator,4.2, (17),1h 36m,Animation
238. Gujeyeog-eseo sal-a dol-aon dwaeji,5.1, (10),1h 45m,Animation
239. Rhythm of a Flower,7.3, (15),1h 21m,Animation
240. Penelope & Everly's Holiday Adventure,,,TV-PG,Animation
241. Be Forever Yamato: Rebel 3199: Part 1: Dark Invasion,7.0, (9),50m,Animation
242. Zuzubalândia: O Filme,5.5, (11),1h,Animation
243. Satan Kingdom Babylon,,,1h 17m,Animation
244. The Cheshire Cat,,,1h 4m,Animation
245. The Ballad of Straw Hat Sam,9.2, (10),45m,Animation
246. King of Prism: Dramatic Prism 1,,,1h,Animation
247. Velký Pán,7.0, (9),1h 13m,Animation
248. Arne Alligator och djungelkompisarna,4.6, (48),1h 1m,Animation
249. Sinoalice: The Very Last Story,,,1h 14m,Animation
250. Code Geass: Rozé of the Recapture: Part 3,7.4, (25),1h 16m,Animation
251. Bizarros Peixes das Fossas Abissais,8.0, (14),1h 15m,Animation
252. Treasure Fellowship,,,1h 26m,Animation
253. The Car Acrobatic Team Saga,7.2, (11),1h 52m,Animation
254. Dinonauts,,,1h 17m,Animation
255. Robo Puffin,,,Not Rated,Animation
256. Nefertiti the Queen of Hearts,,,1h 29m,Animation
257. Code Geass: Rozé of the Recapture: Part 4,6.6, (15),1h 10m,Animation
258. Zegapain STA,,,1h 30m,Animation
259. Kaptan Pengu ve Arkadaslari 4: Buzuldaki Sir,5.4, (13),,Animation
260. Love and Friendship,,,57m,Animation
261. Alex and Mia's Awesome Movie!!,,,1h 15m,Animation
262. The Christmas Shark,,,1h 3m,Animation
263. Genjitsu no Yohane -Sunshine in the Mirror- Movie,,,1h 29m,Animation
264. Gintama the Movie 2D: Courtesan of the Nation Arc,7.8, (6),1h 49m,Animation
265. Black Butterflies,,,,Animation
266. Inazuma Eleven the Movie: Prologue to the New Heroes,,,,Animation
267. Dante's Divine Comedy,,,,Animation
268. Cacophony the Animated Movie,,,1h 21m,Animation
269. Broken Glass,,,Not Rated,Animation
270. Turbozavry. God drakona,9.2, (43),48m,Animation
271. Eiga Oshiri Tantei Saraba Itoshiki Aibô (Oshiri) yo,,,1h 11m,Animation
272. Fat Chance! the Movie,7.6, (6),,Animation
273. Le mystère de Waza,,,,Animation
274. Pikmin Forever,,,,Animation
275. Crazy Train,,,1h 35m,Animation
276. Tied Up,,,,Animation
277. Jin Ling Yu Mao,,,1h 37m,Animation
278. Bie ba zuo wen dang hui shi er,7.2, (11),1h 29m,Animation
279. Isle: Alpha One,8.4, (7),1h 37m,Animation
280. Gintama on Theater 2D: Kintama-hen,,,1h 37m,Animation
281. Astra,6.8, (8),1h 20m,Animation
282. Elif ve Arkadaslari 2: Perisler,,,,Animation
283. The Puffins: Arctic Games,,,,Animation
284. Iris the Movie: Full Energy!!,7.3, (8),1h,Animation
285. Me,,,1h,Animation
286. Let Them Breathe: City on the Ocean,,,1h 52m,Animation
287. Rabbits Kingdom the Movie,,,1h 34m,Animation
288. Our Crazy Love,,,1h 26m,Animation
289. Bigfoot in Wonderland,,,1h 1m,Animation
"290. Hey, Tete",6.4, (9),2h 31m,Animation
291. Ali's Dream Castle,,,,Animation
292. Skazochnyy patrul. Shou prodolzhayetsya,7.2, (11),1h 5m,Animation
293. Mei Ren Yu De Xia Tian,,,,Animation
294. Be Forever Yamato: Rebel 3199: Part 2: The Assault of the Burning Sun,,,1h 37m,Animation
295. Ekip: Siberay - Günes Firtinasi,6.0, (14),1h 12m,Animation
296. Little Richard the Shark,,,,Animation
297. Unhappy 25 Years Little Brat,,,13+,Animation
298. Marvel's Civil War Full Comic Dub Movie,,,1h 15m,Animation
299. Happy Little Submarine: 80 Days Around the Earth,,,1h 20m,Animation
300. Thanksgiving in Wonderland,,,1h 5m,Animation
301. Bogyó és Babóca 6. - Csengettyuk,7.8, (13),,Animation
302. Ninja Doomscrolling,8.1, (102),1h 36m,Animation
303. Daughters of Monster Magnet,,,46m,Animation
304. Strawberry School Festival!!!,,,1h 23m,Animation
305. Tobia e i colori del mondo,,,,Animation
306. Sufunkan no Yell o,7.0, (6),,Animation
307. Naani Krissh's Jai Shree Ram,,,,Animation
308. Let's Go! Anpanman: Baikinman and Lulun,6.5, (7),1h 4m,Animation
309. The Fifth Element,,,,Animation
310. Rudra & Return of King Makoonga,,,45m,Animation
311. Fishtales: The Christmas Whale,,,1h 5m,Animation
312. 2475 Dawn of Revolution,6.3, (153),2h 7m,Animation
313. Shed 17 & Project G-1 the Movie,,,1h 25m,Animation
314. Nasreddin Hoca: Zaman Yolcusu - Kadim Medeniyetler,7.7, (12),1h 18m,Animation
315. The Elf Who Saved Christmas,,,1h 2m,Animation
316. Magic Birds: I magiki pagida,,,1h 40m,Animation
317. Eiga Shimajiro Miracle-jima no Nanairo Carnation,,,1h 10m,Animation
318. Psycho World Tournament,,,,Animation
319. Fleischer Cartoons: The Art & Inventions of Max Fleischer,,,1h 2m,Animation
320. Kustomonsters 3,,,54m,Animation
321. There's Something About Knuckles Saga,,,46m,Animation
322. The Littlest Angel 2: Lily Has a Secret,,,1h 24m,Animation
323. Mission to Pisom,,,,Animation
324. Golmaal Jr: Humshakals Ka Golmaal,,,46m,Animation
325. The Witch Doll of Aliester Croweley,,,16m,Animation
326. Ba Jie Zhi Tian Peng Xia Jie,,,,Animation
327. Memory Hotel,,,1h 40m,Animation
"328. Minsky, the little helper robot",,,6m,Animation
329. Psycho City: The Movie,,,1h 57m,Animation
330. Mult v kino. Vypusk # 167: Fokus-pokus,,,51m,Animation
331. The Veyshal Movie,,,2h,Animation
332. Bear Kid: Super Hero,,,1h 20m,Animation
333. Imam Hussein the Majestic Sacrifice,,,,Animation
334. Ba Jie,,,,Animation
335. Sirds likums,6.8, (17),1h 5m,Animation
336. Collection Ansorge,,,1h 30m,Animation
337. Becho,7.2, (10),,Animation
338. Ah My Goddess: Bad Goddess One Wish,,,53m,Animation
339. People Power,,,1h 24m,Animation
340. Gill,,,1h 44m,Animation
341. The Photographer,,,,Animation
342. Symphony of the Eyes,,,43m,Animation
343. The Grump's Christmas,,,1h 5m,Animation
344. Young doctor's notes,3.5, (6),1h 26m,Animation
345. Kek 2,,,1h 38m,Animation
346. Gg Bond: Interstellar Action,,,,Animation
347. Cordélicos,,,1h 8m,Animation
348. The Barkers Pursuit of Adventure,,,,Animation
349. 2054: The Wreckoning,,,1h,Animation
350. Poder Del Pueblo,,,1h 24m,Animation
351. Mult v kino. Vypusk # 174. Dobrye dela!,,,48m,Animation
352. Plastic,,,1h 2m,Animation
353. Um Tempo de Todos,,,2h 12m,Animation
354. Mult v kino. Vypusk # 175,,,48m,Animation
355. Baby Halloween,,,1h 6m,Animation
356. Broken oath Chapter #2 Blood Bath on City Island,,,1h 30m,Animation
357. Mult v kino. Vypusk # 173: Sekrety druzhby!,,,48m,Animation
358. Toto's Christmas in Oz,,,1h 5m,Animation
359. The Halloween Shark,,,1h 9m,Animation
360. Alla conquista del mondo,7.2, (26),,Animation
361. Terrors,,,1h 5m,Animation
362. Happylittle Submarine: The Adventure with Dragon,,,,Animation
363. Skullmaster: The Warrior of Havoc,,,,Animation
364. Harmonie,,,1h 14m,Animation
365. The Things I Have Seen,,,1h 30m,Animation
366. Papercuts - My Life as an Indie Animator,,,1h 27m,Animation
367. Ramayan the Hero's Path,,,,Animation
368. Untitled Ambition: The Journey to Valtoria,,,,Animation
369. Mult v kino. Vypusk # 168: Idyom na piknik!,,,51m,Animation
370. Gift,,,,Animation
371. World of Sathvik and his friends : The Cursed Pumpkin,,,48m,Animation
372. Tax on Cigarettes,,,,Animation
373. Huang Pi: God of Money,,,1h 22m,Animation
374. Boundearth,,,1h 48m,Animation
375. Milk Teeth - Essere bambine in Afghanistan,,,,Animation
376. Outcome,,,51m,Animation
377. Mult v kino. Vypusk # 170: Vsyo luchshee - druzyam,,,52m,Animation
378. Cekárna,,,3m,Animation
"379. Abenzaidún y Wallada, amor eterno",,,1h 7m,Animation
380. Fairytale Fun Force Storytime: Happy Jack,,,2h 39m,Animation
381. Pikmin Destruction,,,1h 35m,Animation
382. Calico Rebellion,,,1h 10m,Animation
383. 1963,,,57m,Animation
384. Criaturas Sorridentes,,,,Animation
385. Baby Pillows,,,Not Rated,Animation
386. Nefertiti Regina Inimilor,,,1h 29m,Animation
387. Skazochnyy patrul,,,1h 15m,Animation
388. Nancy & Bill: The Story Before Oliver Twist,,,,Animation
389. Bonehead: A Fortnite Legend,,,1h 46m,Animation
390. Ilia Jostojooye Ghahreman,,,,Animation
391. Era un soñador,,,1h 5m,Animation
392. The Burgger and Frogger Movie,,,,Animation
393. Despierta tu alma,,,Not Rated,Animation
394. Frost: End of the Ashics,,,57m,Animation
395. Healing for the Nations,,,3m,Animation
396. Mel John,,,1h 55m,Animation
397. Sunny,,,,Animation
398. Abandoned,,,54m,Animation
399. Mult v kino. Vypusk # 165: Multikov vsegda malo,,,49m,Animation
400. Métasexe,,,42m,Animation
